distancia_km,horario_pedido,valor_pedido,pedidos_simultaneos,clima,congestionamento,taxa_entrega
8.116262258099887,14,107.97909126233458,1,7,9,34.4450305740448
19.063571821788408,11,184.68447491073928,4,6,3,61.720452636986344
14.907884894416696,15,104.42306175210774,13,7,0,57.22429332948958
12.374511199743695,23,198.5100228164294,13,10,6,60.149381171173815
3.964354168406294,18,171.77074197156819,13,7,1,33.09988790730144
3.96389588638785,7,49.6169977278938,2,7,8,21.28110597392636
2.1035886311957896,20,186.8130907823441,9,9,2,25.50356904631045
17.457346769723767,16,32.10961559824045,8,6,7,64.4842000812844
12.421185223120967,22,165.3154446133264,7,0,7,48.66819296025148
14.453378978124864,4,82.31842576055021,4,3,2,44.76111231924223
1.3911053916202465,21,176.8151208845632,18,3,3,32.29507911999586
19.428287191077892,15,174.93077112041556,3,4,1,57.515216530545835
16.816410175208013,5,163.125826022348,6,9,3,55.767197229816574
5.034443102887247,7,160.10578289834166,12,5,10,39.17995699646429
4.4546743769349115,17,67.88903642862775,12,3,10,36.70906071849875
4.484685687215243,11,25.374663779737915,8,1,10,29.833765365938813
6.780602616231217,14,86.56623396538068,1,5,8,31.369307663991602
10.97037220101252,8,42.96965784743665,4,7,1,38.79339451138803
9.206955354200199,12,142.04070689146772,11,7,2,42.07741985964345
6.533353663762797,14,75.75894804217926,3,6,10,33.05881509618373
12.62520499972521,9,195.36593816338384,13,5,10,60.99786746569427
3.6503833523887947,15,131.7846946956131,17,1,3,33.08868270037405
6.550748322169145,6,166.27130709052858,10,6,4,36.085210482282655
7.960875022580142,16,35.1796878209512,12,10,0,41.2021587212746
9.665329700123683,22,173.78275163179828,15,4,6,50.75774512596918
15.918343266467259,20,185.32386619754493,10,5,9,64.80202780176809
4.793801861008835,21,102.54176457559782,14,9,6,41.813459865918205
10.770454329858621,6,125.18805817268571,13,7,8,55.160123706929134
12.255876808378806,13,155.31386217156913,5,7,3,44.366897230178914
1.8825578416799567,14,43.21933917947838,6,2,5,21.02413633523239
12.54335218612733,20,105.48755452805406,2,6,10,45.22785148456184
4.239958350058539,6,85.74597527673949,17,0,1,33.18484246134451
2.235980266720311,8,37.81105851082733,4,0,3,12.36671163942506
19.02882520781333,18,79.83154023539097,14,6,1,70.46140335820718
19.347008628416628,15,22.952738783243777,10,9,9,73.16037851485275
16.35954961421276,7,14.904262320402527,3,8,4,52.980272803524485
6.787661614294043,17,35.68159493941633,3,6,6,30.120681296329995
2.8557701661212933,22,192.99187120194304,15,9,0,31.97840059328643
14.00042750373098,17,114.41061182005322,6,4,9,52.91283087086374
9.362897381052425,19,193.50621061911178,17,7,9,59.30723400317617
3.3187264620507975,6,92.17459688272507,12,1,6,29.501212878003034
10.408361292114133,2,69.24506528619932,11,8,9,49.264999850177944
1.6533819011891495,17,106.16695393964638,4,5,5,18.21507725778787
18.27708763949686,9,93.50722084025293,6,8,5,62.06557854058541
5.916819650400321,6,30.076290009731345,1,1,7,22.8470316631466
13.587923402725657,16,131.75699979113918,16,2,7,62.84848165975165
6.9225104456988085,13,51.047254676823925,15,7,5,45.54473956134398
10.881292402378406,23,127.72171143058762,17,0,2,51.28302683517826
11.387495307522313,2,133.53820755564914,8,9,4,46.60668765242865
4.512234654985013,11,38.88472209444314,12,6,1,30.22889924519618
19.422107927526614,12,21.65642915102695,10,6,4,68.66041414564594
15.727523643861176,1,158.34470135300356,15,0,8,64.37822812268179
18.850479889719594,2,97.36208051617083,9,8,9,69.84226160658172
18.001719658125328,4,21.0511211460404,2,7,0,51.13927799003335
12.360099597410617,10,199.02460026225575,5,3,9,47.489252479268494
18.51561046543922,7,20.97830658930966,6,9,4,63.69856870247274
2.6813575389864703,22,142.05669348312512,7,10,5,29.404443479649522
4.723674385963759,22,196.8989958000486,1,4,10,26.570773037652113
1.8593184893002233,11,55.444219801025866,7,1,6,19.625547542438785
7.181276284502022,6,37.027380050567274,12,8,8,41.942690850618206
8.384868504100158,14,33.063138490261494,16,5,5,47.46706875289032
6.155631603704022,23,67.62227803784316,16,2,4,41.30045436366337
16.746012673886657,16,29.198704092022872,11,6,6,63.89596198453932
7.778313207178196,3,141.51065492188505,4,8,0,28.643435529682993
6.337755684060235,21,21.835441644711914,13,2,10,44.228955892430314
11.31122558000672,12,106.79020434846005,7,1,4,42.140805785497584
3.6775602745204905,17,199.37240223206558,4,6,1,20.60897468886349
16.241742634326755,0,164.65435120614356,15,6,3,64.15343778150937
2.4164622299156457,15,126.89169326389207,19,3,6,38.45315876587816
19.75085179540983,12,68.18818794945622,9,10,4,69.7054918002833
15.67265061663649,9,128.5402088954113,11,8,5,61.40346392091743
4.775597949149276,11,110.13787814321381,8,7,1,25.908933446279818
1.1049202253484456,1,90.95584293917058,1,0,2,6.0559778643156
16.49376714064185,22,34.8349715806379,8,0,6,57.45653470773041
14.430289533104725,2,178.4548008956887,13,4,10,64.45257758325715
14.851136192778759,9,95.45908327605127,4,5,1,48.4490345903291
15.65413658703297,1,46.978277245945364,8,2,5,52.83495235904588
2.4068483829477167,22,79.87427666668502,3,8,4,18.294339102821716
7.81084884234118,12,88.68465298049614,9,9,9,43.394225735628986
3.2015121309774646,12,167.2322001577061,2,5,0,14.12390343283792
17.398965091636278,17,149.3867323066664,2,3,10,58.061762966310745
12.8426644097236,2,156.16792979185456,13,6,9,58.56087718418271
7.2870624722003345,6,12.095940241442971,15,7,10,48.658668222263316
2.207608655434449,13,89.06925965415469,12,8,3,29.080461458503862
6.908664112597582,19,101.45538881071148,4,10,10,36.414715715212004
7.178483118508193,16,13.64653259638077,8,5,1,33.50965168172979
14.862517388423218,20,59.364509661556504,9,5,3,54.42446360504564
13.11359195574905,11,154.45506639320564,5,7,0,46.30473807048743
17.857042108950203,15,36.05084408850982,18,4,1,72.34383545906744
9.972083578077036,23,111.70892497599242,11,2,7,47.47567323418632
3.272290672827732,11,50.88835568327512,15,2,5,31.571585015955666
14.551650957236905,14,12.302947182339722,9,5,1,50.78577614932937
15.454915923721051,9,55.82827694391288,17,1,5,65.59005969609672
11.664266753820428,6,195.41601343291023,12,5,9,54.80734418518512
15.648376419136659,19,162.29205125776804,7,5,8,60.05926818988244
10.382116330923424,4,192.31956242099633,10,7,6,49.82111760870918
10.931923758257888,0,102.69226834600886,10,6,8,48.47288779865863
9.123279348812442,16,30.849877748725667,13,7,4,45.63230951701665
1.4829634081378087,2,114.11230290500166,19,8,6,36.270530269402165
3.049937112872785,12,96.33169356639257,11,5,10,34.15126086146623
1.5971545280479509,13,170.42784572052705,13,2,6,26.604565258936756
13.091797814011828,23,28.63569034900647,8,9,2,50.90729772553385
6.972763640450207,17,102.76581603413786,8,2,6,36.4157818424672
10.662843132129353,3,38.50924629185701,4,10,0,35.31677622329229
18.243763004595767,17,71.68842610911139,15,0,8,72.30316760347407
5.736552353828624,4,150.09784470368194,11,10,9,40.35176701449118
8.797275537676965,15,100.44344458006564,11,4,5,43.319562658064044
15.355471632317926,0,81.41877417769618,1,3,4,45.405557242266994
5.347165144340827,20,84.95049292830672,17,8,6,45.21347383338169
2.462618286747067,13,97.29488599713746,15,8,4,32.132797744741495
6.505277605361592,14,159.1531433290408,6,4,9,34.35771359181571
4.0632044578260835,8,179.49609089864452,15,9,4,38.98208457938289
18.66425539450889,14,191.51359043574638,9,3,10,69.64713933237506
16.35428721172392,16,159.51164338850606,14,6,9,71.12359537383718
13.034671373698046,23,69.92731019212242,18,5,10,67.58661029538877
17.557751213566636,3,140.74559415644302,17,3,6,72.40722207294071
16.269769461083175,11,93.14459357052446,18,9,9,75.14400053062325
4.544831118834681,4,58.38741818874972,5,1,6,22.586503241263014
17.95862097130958,4,169.7656000909253,9,0,10,65.70907814457664
11.247502596397364,10,17.30100630284175,11,3,2,46.632635532953174
16.341362948117187,5,181.33477850573047,1,3,2,45.64579995202499
18.025734698546373,6,97.68071827869949,18,0,9,74.3767955263357
7.042066024465414,23,131.06828059357326,6,5,2,31.697280035900498
3.090986566025858,13,135.27724521909872,2,3,5,19.223677246142792
5.330768088296892,23,180.0723707342419,15,0,5,39.09041752958169
9.11504798389887,10,130.9672396117694,14,0,2,41.518369327940135
16.54228055252737,12,126.64738110441174,5,0,2,50.69595549525099
17.353881081870526,1,22.663887706531092,6,7,7,59.652143387458544
1.1320904800926233,6,108.49752416958877,6,9,7,20.099444265075572
10.704198748973749,19,38.532110155237916,18,7,6,58.64836550631583
8.930809059826801,3,150.11241605708227,14,1,9,47.58754729024604
5.220048398943875,7,107.32216495440815,10,10,3,33.325099298514566
3.277441979339973,19,139.24327804958713,14,6,3,32.582439971216054
7.414688256668931,21,17.91785111445301,13,7,2,42.89770344559339
18.915284374337865,20,26.110483048702612,3,7,4,59.35506023498766
7.14085570839435,18,146.10144373190963,6,10,2,34.23231754594568
10.857021813123955,12,23.696023839747937,8,9,7,48.10226993973191
14.35736021900838,13,23.53877827539913,12,10,6,61.0060775885306
7.908962445206585,9,12.300610294628616,13,6,2,41.0134138968573
19.463859571698254,10,191.7352656769012,11,4,8,72.28367585372791
19.286498603900114,1,150.12658829721133,12,0,4,66.74663597813556
5.7838636206819185,8,77.1177676153922,1,8,8,26.386014747685337
10.447721611955323,16,66.34176044465448,17,6,6,56.04488832485894
6.716687886518623,2,76.44361365171142,16,1,6,42.63425965990498
6.411969393171884,23,157.18417092442456,11,5,5,38.63602770617178
1.700851999736123,5,135.66041610337874,13,1,1,22.49221399245846
12.58172234561804,4,45.18715789481891,18,0,8,60.24727865424554
10.550901441348369,4,43.08077371347603,11,6,5,47.61005260267221
1.9780962737497978,21,28.69517344554549,12,1,7,28.247367466616037
6.294282820495617,14,135.45751674325425,6,1,0,25.338844025206093
18.257051833366422,22,155.23080582212984,9,10,4,66.7074483094346
5.551675922672476,16,60.358821381750765,16,4,0,35.76226858491506
3.7530025697332388,8,13.979542595873435,4,4,9,25.270090550048824
10.299602445273697,2,25.612616820521197,3,6,10,41.44731964525792
19.727358628101413,19,193.8934066205558,16,0,7,77.63722828769383
5.599050158718508,16,66.13450772070985,12,7,7,40.23950146326249
13.770575400711692,9,156.1523980892454,11,2,0,50.145644508599574
15.470772691245633,2,128.68607808231013,5,3,8,52.79548570076009
5.5151133358555935,17,82.56853153405022,18,8,1,41.3202185875112
14.836110623625332,17,49.080579817155474,19,3,8,68.64632946156362
7.987879521665811,16,33.06341945028722,6,9,0,34.6471745899663
13.01381078127801,23,126.85246392738466,18,4,9,65.77564441707779
13.037064504457,2,157.18041832117973,6,6,8,51.23342242195928
11.17971899742041,2,132.3418081728148,4,3,3,37.32412070403445
2.715505631033758,5,110.75740531734007,12,0,8,27.96630989592867
16.87074741619552,12,17.97073245201089,19,8,6,73.97235740519871
7.094821234462981,23,194.0128677429329,2,3,10,32.31896306788437
4.54385169759723,14,161.75569641436917,17,8,5,43.38664650897121
1.7747276895405144,8,65.6361869731833,11,5,4,23.380790078937387
12.226965920576594,3,196.19436257818163,11,0,10,55.165133435812045
13.873722875003367,13,124.3575020309012,16,2,8,62.36548727019327
1.315168749629267,4,120.66030505937682,2,10,1,13.241173370021295
10.729768107686338,1,152.1339040916111,2,1,10,38.43983849541891
5.303419728760821,10,164.23625973712615,8,8,1,29.159171038061498
13.258283017779547,8,134.7309353929855,13,0,10,56.94794144428866
4.312962151094837,23,34.33819180957801,10,8,8,35.555703354033746
14.127817023946854,2,74.27082613895469,8,8,2,49.93261069419591
8.347971579710212,8,186.33589166194946,4,7,7,34.820031307817835
18.797869785997957,2,52.676966250331866,15,7,10,77.07765797446399
3.6128979387738718,1,80.71173452912753,1,10,8,21.500380412744562
7.4802606699549115,11,92.09460775939723,11,0,7,40.74547322980925
3.155996903571192,9,93.48694804194592,7,10,3,26.057448714230528
18.569178747292693,8,126.45852067395985,17,7,0,73.45267165293829
17.66944771423864,14,189.18440917149445,18,9,3,74.33865842694618
5.900890926587957,7,55.73161524817594,12,2,8,37.66702313284206
13.539696874649401,4,33.08526149717443,9,10,1,48.393997534428316
16.527221803823103,10,47.51939307338809,5,6,2,52.87384909423797
11.548815420389785,1,178.5157310397612,10,10,9,54.16311555419796
11.063360988764122,23,132.70405440448914,4,0,7,41.17597082163452
5.595193527108582,14,64.32228995544043,5,0,5,25.66722685700698
2.768952588312085,5,165.0299184040373,10,9,7,30.414123634552066
18.047099401113208,7,173.66029930905285,11,4,6,63.97280736516486
18.10794308610328,4,170.83772435115281,10,4,4,63.98026817309594
13.028927688192091,15,184.59604139151534,8,7,8,54.97873931936784
7.441566029925313,17,57.9257938329387,2,6,3,29.731569446606827
7.634981917640557,5,153.45796646179286,8,7,5,37.82348268568728
14.793157898534549,4,97.50250448208661,16,5,1,60.239670202033565
18.045094939098966,15,169.9797250491117,5,5,1,57.86757789522394
17.85464206103723,12,148.4132286607065,3,1,1,49.12133707129713
15.817635371294854,4,157.52501483494768,12,5,9,64.31676497178474
13.198601276931468,12,134.67074915940358,13,4,6,56.50404695806697
2.598659334905928,16,43.711466199244306,13,2,1,25.680683868429735
4.070945567797661,17,113.55511459041828,10,5,1,25.54644668021708
18.072529582014507,7,197.08725050965657,4,7,8,62.88639586982827
12.52215213353221,12,188.1037326344526,9,8,6,52.79608909731854
1.1747439807159634,18,18.203009801432216,2,0,10,15.546671691956004
2.92795931445461,2,41.31481498859306,19,2,2,33.34956358613939
13.60653361305306,23,35.02846695636676,1,2,2,41.55396626229143
1.096170093078155,7,147.93618289720615,7,10,6,20.518156012307372
4.0553529769324745,1,165.37921267281956,17,7,4,38.2775996711651
11.425941997965136,7,50.56715959902766,3,0,9,41.46386905361285
14.146008756161171,12,106.11201166084751,3,4,5,46.59759550198648
13.38726393054941,12,169.733575322128,3,2,7,44.76555830984587
5.261116879750636,0,149.23229350558762,17,1,8,40.59506355124874
14.531405205603182,5,113.02506904345117,7,7,0,48.9006963574188
5.507732662439201,23,122.16606118716685,14,2,2,35.35911193251084
7.182594265026086,18,106.5885039140932,17,6,10,51.53661706506832
15.183336697242458,15,66.53420575057591,18,10,6,72.69926017504402
13.343025081897078,7,117.35417864321306,13,0,5,53.64696883242128
17.13524479938938,0,140.88820738951722,18,5,6,71.95487906114202
13.494644953706525,15,175.93135401355346,4,2,7,47.97604973838439
11.797863463373961,8,130.89535725605714,1,7,5,39.47431508075131
2.779820588733757,12,154.61309203820002,18,5,2,33.293431798680515
7.986600258129237,10,40.41361064136887,1,1,1,23.607380260750915
6.0388449859527835,12,97.69592013976008,13,5,6,39.586700633183845
5.635803224202588,20,11.773007767147726,10,6,10,40.12405144478037
19.487200540296467,9,56.86898425910837,11,4,0,64.13019387383405
8.468856768668449,3,148.02772587147092,9,2,2,36.59460003378391
17.948884548365154,5,198.44389075637906,9,3,10,66.56660001259485
12.991633893947995,6,28.843838921571024,5,3,3,42.015362258562845
16.10141476729132,4,86.28392001364477,1,5,0,43.47617820621959
10.55010476899865,10,162.0134840528403,17,9,4,58.21971787066936
11.961173807900822,12,48.76677057949078,2,0,9,40.786852349814076
10.357836182558414,18,115.46614036743439,13,10,2,51.40842527496369
4.709616768162846,22,149.2835462456382,9,3,1,26.112340257027174
14.7265901899686,9,127.03723554943402,4,9,2,51.889356540632576
6.33467488637626,9,45.72469957692906,5,3,7,30.958555342192422
1.462003362197623,10,77.52306805029049,11,9,5,26.487183531590304
13.263973622236188,20,158.92043905222548,19,0,6,63.24837039299608
4.36510290873393,6,115.30303768508315,3,8,5,24.423870588563236
18.86871310270537,17,10.99362657315342,12,3,5,69.50393257635425
19.124642963049162,3,154.58824440533783,19,6,2,76.46707791004701
18.382423414188523,1,16.709157438645423,19,2,7,75.55048308086675
8.033015304853443,13,151.68941871893412,13,9,6,47.60205243975418
1.2936757140484811,12,48.47130643139511,7,2,6,17.134842264198
18.63805268916678,11,192.03396122268225,15,7,5,73.78402681641612
9.135498818028973,6,79.90874274739605,7,7,4,37.29142690051657
19.36644156182972,1,72.11700710423503,8,10,9,71.28128128479797
19.308779564695804,12,38.28872956316449,5,0,7,60.58757858852202
17.20717965387984,13,68.06480094314082,14,9,4,67.58669506073613
6.594528949322128,16,176.5636447473581,4,1,8,29.875354073023146
8.316856843436579,8,199.30352414917698,10,7,8,44.638015930803114
17.171596758820282,16,79.97881079630119,15,0,0,62.723657568476405
7.021518097969276,7,95.23601988136309,18,7,5,46.65681878529723
4.220362187035757,1,147.19347825852003,13,7,6,33.582004257151375
11.579223986708653,23,178.37719828836416,8,1,2,43.91387874524395
18.78694070905484,12,122.67842349548899,9,3,6,65.29997578336409
14.224566136824487,2,84.38988265378758,16,5,10,65.6252840454661
11.831162231697935,15,88.39814976123851,19,10,10,67.16021114056274
2.8463533816446023,5,142.1674478343933,16,8,6,36.7567863804588
12.685137307284226,18,10.61147008481295,7,7,10,54.312847120404534
19.811023151981,6,127.72197411736973,14,7,1,72.0126769514978
3.6615962894939567,9,77.5436719838579,14,6,6,34.72124653389453
10.848263394910997,8,160.897492942646,4,8,0,37.54990949008653
17.670088366631152,1,27.66822156639511,15,1,4,65.77432505715022
15.074603737329884,14,121.7584307201942,3,2,8,49.05274814329256
14.243299078910091,4,101.38484907836352,5,9,6,52.90711811395662
14.347197595755077,21,132.04184992199322,1,7,6,49.03164210148547
7.830331873175348,3,22.322182951763985,3,5,10,36.075774591277785
6.578245041025374,19,120.19691961134494,15,9,1,44.52709650709777
16.37786195409176,3,116.68207171230951,8,8,7,59.85204511153819
16.392154498904432,17,116.52541793907248,4,9,2,53.82761341657762
17.47437405302197,3,124.66265665332641,2,3,7,56.620788012691705
18.351570498572954,16,138.52890807300884,10,7,2,65.23102017121519
10.715505578357819,11,162.94790993934626,4,9,9,45.44771439813804
10.528809599056792,21,61.26593682436072,3,2,6,36.60722373006921
16.167608400368728,16,166.7593879342118,2,2,1,47.203106572169645
13.349314684777537,9,104.66857963005619,17,7,3,63.028569984853206
14.337370667896364,21,24.641073035522922,13,4,10,64.95325784502205
16.12006071928592,0,21.12467655635605,5,2,5,50.795790559478036
17.91010149453376,21,73.50528055225155,9,9,10,70.14646377252723
7.4219079801791805,23,159.13042565117883,6,10,8,39.11952178620958
8.136076100158936,17,144.459377600774,5,0,4,31.111323998151505
2.785656856976511,17,159.83684328775723,10,2,8,26.95311443009359
11.987322678927306,13,108.28112072390579,8,8,4,48.52489262627805
1.6829032021380996,14,93.6378096115432,7,4,9,25.185557733333376
9.846362344516743,11,38.01598007419395,7,9,7,44.76141768575658
11.310248059443955,3,72.3566231857692,6,1,0,38.00364225450446
6.444283790437404,2,92.4636795730363,3,6,6,29.246277274884694
12.225831950811205,19,26.834081639127273,19,1,3,57.75194219565102
1.5795047488419391,11,51.916271015130135,15,3,4,27.24883656577405
1.709615586235074,6,123.66280587211037,4,6,5,16.57116843809678
16.629410652533508,10,149.77599170544607,12,3,4,60.705344641418954
7.843622186813995,0,199.68602716466043,6,6,0,30.839815835653862
3.414149740385811,5,187.29153295527595,19,6,8,39.267367619163814
10.922621941041283,14,132.0873879116864,4,0,1,35.55840730144802
15.629877508873605,14,90.03713012587367,15,5,8,67.89676035853226
5.10059952244002,18,130.87369929456423,9,8,9,37.6773071690677
12.834919040561005,10,159.27380743524407,5,1,1,42.24068292152686
2.621601834881592,22,32.48387627544359,13,2,8,32.11521855692005
1.9819527022035461,1,87.88192904229477,18,9,5,37.22586313837509
11.095737999794812,13,169.56243427076726,5,4,10,46.50910298179308
11.272067310592023,1,82.92826086727837,16,8,8,57.5376827340004
13.111168128465925,3,118.65573153316544,19,3,5,61.73348793668475
14.79573534073057,16,121.67617856381766,14,0,5,57.73642821789538
19.541189509788158,2,45.05048809539148,16,3,10,77.07603577447519
10.80970661772271,12,78.8247339139348,15,5,1,49.53739380794306
7.1361729858836735,8,73.5571448609671,4,4,7,31.954491798571688
16.108537700605368,6,14.977374621092311,7,0,2,50.19587009607707
6.14581277397941,14,14.596435139357496,16,3,6,41.09125009671087
9.340456993407086,22,168.02243829839696,8,5,4,39.80372277200158
2.4906712455030533,10,61.88345389483436,17,9,2,33.43967786463848
1.4816641248936926,19,108.43496558537494,16,9,0,31.797186942529034
19.290319878880577,1,66.75785898186689,10,3,7,68.0306960270078
16.88362228973191,14,188.7290565719147,10,8,2,63.09228041954452
14.223509915780262,13,59.266384184497014,2,4,1,41.45505247770888
8.770105943871128,19,91.63479442039767,9,7,0,37.00998907167759
4.29259208134607,21,175.81874759207435,17,8,3,39.289496477237485
3.9723038107506348,10,169.96737769044364,11,9,7,34.98346530617117
5.754615065127311,2,45.35926939079269,10,4,2,28.419205166292986
11.435306629416289,16,162.502228861185,17,5,0,52.89418730143687
14.577322531301185,11,97.0555084801996,4,0,3,44.64222318468266
13.543750157636895,23,101.76408569621749,16,10,8,65.94727051651002
6.318744041972914,20,35.36119475902932,15,6,0,36.849983061402604
19.14244033260069,14,25.314287613853686,5,3,10,65.17232596778075
15.020041417219602,15,148.30846832501538,6,10,1,52.83751732955865
11.532726997716614,4,104.32761894750695,17,1,8,57.83248545665919
12.622694178452692,19,93.00163349688411,1,4,1,36.8113178643637
8.972401186128009,5,148.60656344395537,19,2,2,49.83395852558727
5.706888800521992,18,155.44745080831086,4,5,6,30.473763449833424
7.76348089437397,4,40.19255185717718,17,7,2,45.771879727457666
15.399076098823013,2,125.94277840075185,9,6,8,58.91746784461463
1.2734762839653615,0,35.71727563276025,2,2,5,10.90735773758645
3.2053801696314084,5,152.7612663455187,8,7,2,23.31946936651054
1.8740501984133022,14,134.82147969075652,15,1,8,30.834949336808286
1.7738472440604327,1,191.756778005857,7,9,0,19.076662389683694
17.253751096209136,2,23.102023107720022,6,8,9,61.71083753627424
14.36949932822045,16,20.840397018738322,1,3,2,43.13304595909485
10.00930275265918,23,63.615544191708025,15,0,0,45.198911613362924
2.858849052369028,11,59.72407990982214,7,7,1,20.904568449801673
10.340701627219815,17,56.925971823679966,17,6,7,56.26987293193646
9.995963644830749,14,182.18837029899697,2,10,6,38.38066752488465
4.290835528290288,11,57.41377797140616,9,4,1,26.528582609199344
9.243181335521488,15,61.67044796443989,9,9,1,43.202017243240064
8.571589953550095,7,154.2856698594131,13,4,8,46.51817599460615
12.701151862992113,13,95.4505700656026,6,6,5,47.04963656413329
13.066779366485232,16,157.57500582148444,6,4,4,46.70949996161342
1.8607761856688458,20,22.419569937233195,3,7,9,20.3843050862579
8.117639677902954,7,102.63852679794302,17,10,5,52.55707551498791
12.891338398570491,14,16.3865840348237,17,5,8,62.29179839684045
10.559588913021667,13,21.90410865651736,12,4,10,51.62322602494721
17.273306982578124,17,182.2231161354381,16,8,6,72.55402878497154
13.515179000759955,19,36.45662051234308,15,10,9,66.36387937832467
4.095754114547164,6,111.15992963229125,13,1,9,34.62795537237838
2.340806200608167,2,88.10816449413424,1,0,8,12.955377548188528
13.205966285919997,11,75.99523198918011,17,7,3,59.90206227742781
1.5037149002908143,20,180.96833568058176,3,2,1,13.597062299665502
12.129736044195802,23,14.146445387343006,15,10,7,61.32778009369498
18.864374587074195,2,136.12004037336192,4,6,3,58.343222064999594
11.9340093796417,19,193.0449425005746,4,9,8,48.505901986633184
8.375228597923916,13,116.43195485774997,18,10,3,53.2148566573097
13.22247615040471,14,187.99626778628746,17,7,7,63.850957352622494
9.706804919338817,13,19.928997064344514,19,5,8,56.9702617634923
11.366718997002764,6,89.57073062409067,11,9,8,53.395685938964846
18.88783136675398,16,59.42998028278972,3,8,9,62.19555249300917
8.335950118214711,11,148.85598334633866,8,6,3,36.76801369568713
19.26262071265437,19,196.44644719447686,14,9,0,73.38545884488926
18.201662197165213,3,58.74071186440708,1,4,2,51.65807254856518
4.720031560996633,8,134.29317428007414,14,7,8,40.90861164899398
2.3178647166281436,5,47.638550224350624,2,1,3,11.243764320160711
2.9147820261711064,15,117.41274836860588,4,6,4,19.908323567151957
1.3462146873794447,21,98.14717247078387,19,3,6,33.26820708576451
2.7944162543626394,21,194.68101262999204,6,8,4,25.391380241372868
13.97712869491078,20,125.62018181232865,1,0,3,42.26757491510469
2.352584320744351,20,76.40621069649556,17,6,1,33.54741282187896
7.060536975581464,1,31.67819912870734,8,5,1,32.41382468807444
17.052630908419637,23,38.73689745963756,19,7,3,74.24737035183719
1.4421667789806913,7,52.81021669073467,1,4,9,16.526349867452094
16.474901169189778,10,57.68366565465662,5,0,9,55.47519664208985
6.3552407206945984,12,171.6170509898162,16,0,8,41.779176691680036
3.245131724811469,16,116.63232977367973,6,8,7,27.95671563813719
14.238006141918863,7,109.44427316112963,8,9,2,50.73834759459411
12.949914088817795,20,31.80608565515132,13,5,8,59.204017699813605
17.671968257014004,17,173.42654173639264,16,9,4,74.60237715334124
14.96634983227383,17,147.33471760961191,3,4,10,53.77680696476783
16.266137677312123,13,22.856988761000302,19,0,2,68.75787220766757
6.3586568788548234,14,144.48866847365605,12,5,4,36.15315654535836
4.371351331814734,5,113.27226129510275,16,5,9,40.81187896347643
15.261680281176309,10,25.527815691887866,11,2,3,55.89929524665286
16.329860046078018,12,97.07712189044473,10,7,7,62.265932908464855
19.819597698012792,0,102.09229455470893,4,0,4,56.905722927081236
8.839735861317102,5,41.49716263102239,12,0,9,43.561696855621264
8.06834363006288,8,189.68264793005363,2,5,7,31.31962502075821
15.75184625409794,7,171.49532058132576,19,9,8,74.52909758798761
7.475267264807339,10,137.11424409253058,5,0,3,28.17077448232884
18.68438918646773,21,97.83615659011537,8,5,6,66.51806213321558
17.309842285017226,18,88.23545290105662,7,0,1,55.365213443251406
9.150886520125349,23,133.6849587586813,14,5,5,49.72742005382567
15.26655028803845,8,113.63205518731203,3,2,7,49.324409750847934
15.336314607608964,16,21.831890117558267,18,7,6,70.23442159907466
2.9593535078827196,11,107.37550326636303,16,5,6,36.57039020221534
18.148505226911766,13,163.2166872742395,19,10,7,81.3329110849281
10.599795076509286,14,97.25557674342203,19,0,6,57.844743269433735
16.70269185604709,15,19.871749735311,18,4,4,71.13826737556096
7.080942419581623,21,159.3928578829663,16,7,6,49.81772741101735
18.014941341427807,21,48.259118605835134,8,2,9,62.686305818668636
8.3948318959491,19,59.13795862872737,1,5,2,28.579445654156615
1.2059153781256688,0,41.294207152136224,17,4,4,28.497326980122633
18.20225755196601,9,72.74086232558453,12,5,6,68.34436846122875
2.7344468589365376,7,153.78278608084065,11,9,8,31.600071657641408
7.066959114217882,17,108.6833133057481,5,0,1,27.107013752457625
19.051177373965295,0,48.92744208863539,12,6,3,65.86422421293899
19.061535791813565,1,176.78771484888776,17,8,6,78.24121491664962
11.895319874342436,0,177.12055244079053,6,1,0,37.5521912278795
13.004907031226185,0,175.40990075874132,1,9,1,39.38893099173873
9.520464917588075,8,55.37128016249246,5,4,8,39.716520464348385
6.571004662263226,12,95.73547539438773,14,9,9,46.68496676049634
7.244626362028403,0,197.14803466676628,5,3,6,32.45122698981129
13.77785066546373,12,156.68237049889817,1,5,9,46.358535010307826
15.29511605931592,19,15.161810032856366,18,5,6,69.03289354623695
16.04000183079112,21,22.38887233949349,16,10,5,71.40072205568642
16.002744713096526,6,98.14696159434322,9,1,2,54.35879633446443
2.732915957925117,1,182.75183911369643,19,1,9,38.771643343844076
10.393985789349047,5,112.35334161101571,5,3,2,37.25477403981093
2.093616440316241,6,104.58437652651514,2,0,1,9.150720534553649
11.441048764150976,13,30.04000299175981,15,8,10,59.435991048213964
9.389079526094163,17,134.78821989761587,7,6,5,41.82254435165583
17.866379472407697,14,166.19960051404283,4,6,3,56.94751519757836
7.667385238489495,1,82.27980142643685,1,2,4,26.20206567105364
3.2242733121245113,9,157.3662516758122,13,10,2,32.31728797580539
3.7168419590038813,22,193.2505642411542,7,2,5,25.23500703842521
15.468702002631973,11,48.71562723426093,15,0,10,66.35371716956237
12.74614320300896,16,109.43262992700085,14,2,2,52.509821492934876
2.9213308463330145,7,64.55621203606935,19,2,7,38.673036644369944
2.5980293161849515,10,160.64233961642947,18,3,8,36.40113268199637
14.318413497723279,2,119.74273951741992,10,3,3,53.71681271609148
2.382497120919677,5,130.57065933455772,9,2,8,25.629972610156553
16.615341126516768,8,161.60369032701988,8,9,6,61.881810298304345
14.418602315973429,5,85.23438980586643,10,7,2,54.83601188989678
2.5456268321960955,8,183.8671129973382,17,7,6,37.29472928963927
2.611916567618646,6,111.27548477676659,2,0,0,11.416550528588509
19.746151991522332,8,40.01141633871612,6,6,2,63.48649879885288
8.111145119366286,17,142.22083245207247,5,10,5,38.04125740484236
8.042200794270927,11,160.71965658326835,9,1,3,34.83732958055208
16.44319177789255,7,70.18471864283006,5,0,6,52.41739403749929
18.997722970293314,7,172.86405882976305,18,2,2,73.18698083407044
19.734020212634547,17,182.16721840549562,9,3,0,65.32760831800894
15.31418551991989,19,62.611852601783696,17,5,8,69.34213660147118
8.148932125087399,14,196.86907981589218,17,9,5,51.28373519136782
2.5865136172747065,6,36.7351903292641,12,4,7,31.098310624100517
15.765791402621298,10,48.3829769964731,7,3,2,52.05209488015788
11.609680744980295,19,45.00271945522496,3,7,7,43.214483569460256
9.06021817569255,15,179.8580449014954,10,10,1,43.62648169213299
18.220733316799983,3,134.31558494174277,2,3,3,52.76727693374908
3.1127521638168756,5,38.89981381223184,3,9,2,16.78678031516978
10.359876981526323,21,93.66144948998631,16,1,9,56.408913784073114
1.2157192505809622,2,126.90662476326239,2,2,0,6.526791929569443
9.9045521978884,8,25.858176147982824,10,5,6,45.03425697385048
2.06976223795491,9,177.65910999739435,6,7,10,25.594562031086888
3.2575404090933664,13,162.6846717338917,11,7,9,34.38737555487274
3.232998688764993,10,105.98928697956127,7,10,1,21.621369084245625
13.334995740205208,17,193.75405689924239,15,8,3,60.07116015621
15.174852706043042,21,89.37458606226895,6,6,8,58.20884175553466
12.084006536846033,11,196.9809606169346,9,1,5,48.86036666509141
19.281278421016296,22,136.90479977268916,12,7,7,73.59642966976385
8.122541010950378,11,130.58754191824886,19,6,1,49.579888479679006
6.428529639355354,12,41.53143010619915,3,7,6,28.617551494493792
17.503383435599744,12,177.56627407788235,15,2,5,68.47175770000149
5.2483209318696,18,91.22304070491688,2,6,8,26.854933166739336
19.301228249371615,18,40.824347098671076,2,9,6,62.0659960686278
1.2309350191065105,22,12.395428795394217,3,8,0,13.94068114803411
19.42769770744514,13,116.35357989129268,6,2,7,64.51559670409841
1.8200383270609461,3,110.2059282033085,15,9,10,35.77499369834506
17.931719160263352,12,146.67718825014012,10,5,9,69.4299950749473
11.026321072639698,7,179.14903007338242,9,1,2,41.25888644173244
19.866331126266708,22,25.08725108217561,1,1,1,54.4140466276097
2.4021347299725786,20,148.98433316466884,16,4,2,32.546039719132324
11.523231403625095,22,45.60826937854062,6,4,10,48.96542606774602
19.41674817676288,18,173.05364009986116,9,6,5,68.54083466496158
10.938859039232828,11,165.62206763371466,4,1,2,34.66230116965037
12.958574124569989,17,112.75081344725344,2,10,9,49.571047569456056
14.219225090707726,5,144.9461317384292,4,6,4,46.19411818355847
9.63628023058769,17,69.7265215049122,1,4,5,33.12683181930262
12.923603521597204,18,99.52190079723478,19,5,7,66.68556670721586
12.101971926538905,21,166.1110105649896,10,7,6,54.08224351547407
18.12200219932879,4,97.26038746291064,15,9,10,74.66765345762437
1.8634812264876994,23,77.98167041183395,19,3,7,37.44906292261874
6.338300602252376,8,103.90036497755698,16,6,2,40.646083415916124
19.057818197454615,2,167.3673579630715,4,5,3,57.107664882726446
17.91501189392741,9,73.68952900046582,2,9,5,57.29099867562295
9.657478302928546,18,43.01470269579132,13,1,10,49.76703142200959
12.782519358229198,2,145.28266386284835,1,7,6,41.89717767624774
6.270242476641521,21,166.93586041453554,17,9,8,50.0343306121032
4.574302034751465,14,29.121120919471334,13,8,0,31.955476160574538
9.810269693859661,0,55.576081423629496,4,4,7,37.29929047563386
7.713692332495004,6,36.97467805458884,7,9,7,37.97577933188052
12.08946612516657,11,76.10886820061165,17,3,5,57.06574819329694
2.476958102334712,16,95.5666859920284,9,5,3,24.963158455092454
19.513501345657165,20,152.27700402302824,4,7,2,62.53981002063833
19.738004145112455,23,133.71804112751806,19,10,10,86.4049463212761
14.265072566375158,19,127.97642782090192,1,2,2,42.74963639888896
11.185830960538288,4,76.95123985583433,10,9,5,50.647924605251
6.8810247094402275,3,169.8750350861044,4,10,7,35.30931376643467
16.462105374432024,11,99.54456180565127,9,10,6,63.87336597099343
14.009892278523706,19,196.02993822287937,13,0,10,60.44748252967976
4.089721847552934,23,130.48700627619002,14,3,0,32.10672049061082
18.307616505383006,17,33.99030089725552,10,3,10,68.26974041272788
16.628207615540212,16,138.47373679433247,6,0,5,54.71992255666555
19.046198352546558,18,71.76976293202281,16,8,6,78.15742685307133
14.78867065937884,8,140.4021673703585,6,2,6,50.66892813868015
12.654888722780008,3,23.23181815085709,17,4,8,59.70698059098651
8.946617689521759,20,43.227473063432285,10,5,10,47.54845490761238
18.72184118372625,1,172.5900791920994,18,7,10,82.73477755958844
17.455213900507758,3,53.16411583446783,18,5,9,76.7470896609212
1.8591547320175987,1,169.03781379615862,3,2,4,14.100262084074881
1.500972515447788,14,63.062456806337984,15,5,0,26.946929008240893
8.152803970682942,1,132.14756291115447,15,0,1,40.580467238445046
16.400513284854824,3,141.88860896686788,4,3,3,51.160626486380785
19.758246456983944,5,107.40440309756006,9,5,4,67.83125599754631
3.8579209309670355,6,68.00902857237895,19,6,8,41.41648437822546
12.288483591690568,9,50.402431510508265,17,10,10,65.47270643622188
8.236926275989408,18,16.305977366860983,11,10,0,40.592897370563975
19.42837355847746,18,67.74981623573753,9,9,2,67.6885858085169
17.000259539578465,21,134.10093020094376,10,2,4,61.0097812852041
16.92824538951162,11,188.27791550521172,18,8,2,72.08249089607932
9.905170036104435,2,175.5288516299799,13,6,3,46.02264133872338
8.881570544415638,12,155.55230754170748,8,0,2,34.8478329693556
6.194734366683418,17,159.80499521812675,7,1,3,28.63198097914708
2.071134436367615,7,136.34713166043912,17,0,0,27.8235183864911
17.42972514884601,20,59.45450293754057,15,10,7,74.45986188359353
16.445119173471475,14,182.36705583410767,15,8,3,67.36380087305245
19.99463579243648,0,137.43913926210848,1,8,6,60.30035548238556
19.9360999044042,2,116.4837198862836,14,6,1,71.22654897712233
11.553202406449921,7,31.087999150561405,5,9,1,42.66062093074746
15.610760888429699,3,94.94055332322083,11,2,5,56.76508465134367
18.950548867766134,15,97.468071528366,16,4,1,72.03922252473694
17.14330042287082,22,174.2670858093073,2,3,5,54.3014488242546
5.699613933120755,9,113.8631618356798,8,6,10,35.43538524353351
9.560338570891776,11,82.27610430437784,11,8,1,44.87910023890602
3.4540288878784047,13,195.5920624170253,18,1,3,35.9523129826618
19.126969517915725,13,31.03691273199998,3,7,6,60.664875055219554
12.51731805456672,1,90.28420137926948,1,8,7,40.7853028173669
5.344213304565792,22,17.984688282567006,11,9,2,35.17960353732643
13.762313003711277,4,150.58178294571675,16,9,8,65.61394583925079
12.74443656870002,4,184.43454491783862,18,8,1,58.55255121507313
7.805091642623969,5,63.207092614592995,16,9,7,48.585150159497246
3.1575942517929514,12,173.08491859183297,10,6,7,31.427920089561052
13.759890716263193,8,65.52146378776058,18,8,3,61.571639202275776
10.885846317172073,21,183.0463307123439,6,8,0,41.744130201564936
15.674049442977147,14,153.25276168338894,19,2,0,64.96395044054897
10.883106521127875,13,162.93228759987335,4,3,1,36.91958256917248
17.19144850605226,23,13.421245564086355,13,1,8,67.55142248309089
11.486229936715226,6,192.93396784406494,14,9,1,52.67351964626871
11.65782145917234,19,148.06748849336142,3,2,1,36.442116245868945
17.656418450508557,1,67.90270812336533,10,10,5,65.53135475071484
8.666174458035544,6,167.5849863231809,6,10,6,40.59244495485551
3.546289340562174,5,63.48902769883669,1,4,6,17.834040361175088
1.5468708499534405,16,175.8232295175643,14,4,8,31.92660011487297
15.347607857798762,1,31.390274178268033,8,5,5,53.7980497159366
12.78588147571583,2,143.70033571755118,19,6,7,63.692530805992476
14.377515593885247,4,112.73271056253296,14,6,10,64.13411269830985
5.046319068669304,4,28.341549337133756,10,0,5,28.881015662772175
3.5910580361486257,0,55.95982736917941,17,1,1,32.31602709683529
1.2763486476897565,7,12.35676689268981,9,8,0,18.398476698152134
7.661163617325343,11,99.0659134382561,6,9,4,34.504679150739136
12.208436050238028,23,67.24039954440008,11,1,8,53.798937811167654
8.452636856894914,3,123.68792201657418,7,5,7,39.89667518375464
9.312023518450852,12,66.47518346463727,17,10,3,51.351222861598
18.17901519538122,22,66.98463118632709,1,10,4,59.35527189910278
7.6168538734427065,14,151.20670775900464,5,0,4,30.813344824724858
10.765800294036405,10,19.147138835887155,9,2,5,44.84412721833884
15.889407242081719,9,181.55004908647757,18,1,2,66.69833998568
8.534312864104134,2,171.93013613432447,2,2,4,29.968050483639697
12.819647304329596,21,136.88288981301724,11,4,1,50.722997112881394
17.38491046618816,13,122.71209832040302,6,10,9,65.99353480126383
19.0408918494952,15,179.53747464653392,8,9,0,64.35451676684158
3.794396137651721,9,45.21273411045574,4,5,10,27.00253873958922
18.605164878068393,9,25.004140816257436,18,8,0,74.33780838303296
10.350209568511225,11,55.506932282812244,11,10,9,51.56216199271935
5.906643377680209,8,160.96987295303614,5,9,6,32.46575894094271
9.723579368526964,0,16.587350678031832,15,3,1,44.50999325619419
19.620618930424065,4,120.73329866586303,18,6,3,77.1934044561735
10.359743785864522,19,199.1331280763489,2,5,4,37.022117853885845
7.246280595462656,7,172.5822578291325,11,1,6,38.26558299537766
13.03461623201779,10,109.074680918282,13,9,1,56.55543929686492
5.562766756785669,11,22.091772764462046,4,10,5,27.55092812889242
2.4414032340646146,0,167.96096773328486,7,10,0,18.620969566958173
3.4487147163023355,21,123.80591655367,11,10,6,32.40752630185861
3.4328709401976765,19,31.837269441317698,4,7,8,26.410507961636696
3.8861511767335926,10,27.83288411643768,15,6,4,34.28110487054851
3.6377162803387924,4,182.82909569295256,1,6,4,17.94062264882663
13.176620151261078,14,137.1480499582349,3,7,3,44.41257350381929
4.4557216035837515,4,167.56449187018356,14,10,2,34.890751327670316
7.567678383153401,11,177.0059910536308,6,0,8,35.355703150707356
18.038979788214224,4,118.63674688918123,18,0,4,70.76317023676408
10.005271164994575,16,108.31480683345784,1,7,7,37.21701686961534
13.683597031899517,16,91.78120796098814,6,3,8,51.600769927293996
4.274077552830967,23,70.21985168031267,6,4,4,26.457065225317198
4.653491357364745,11,92.57323256315523,16,7,9,42.13761831269319
1.7765037090630984,23,157.0371345887297,5,4,8,22.79936329293468
4.209766198371126,14,124.365451892875,17,9,1,39.69609627516554
6.293216441607214,14,179.57942509142075,10,3,8,36.50481586071396
4.3631992012581895,5,94.24220273204567,18,5,10,44.25750799593354
2.6853481413840568,11,125.34701995656326,7,4,3,20.935183240885635
3.2920815509114156,19,129.94843508747786,3,6,5,22.079176633436067
9.75479659262179,17,122.42246083820184,13,9,5,49.58244457321864
4.920340649710058,13,143.5004168862481,15,6,5,40.94729193434995
7.9211273599134335,1,55.11235899121319,19,3,1,43.67048538831058
10.56492814624228,8,107.34911773370023,3,4,6,37.90478501449766
14.117501743957941,4,29.802712533586057,4,2,5,46.077063998558145
1.7469306569808798,19,83.05715225251438,5,3,10,21.496275556779942
16.18879757927181,0,102.65674303804023,1,3,0,42.84187611491269
12.930107400327248,22,133.92260931363978,4,2,1,42.01711718401684
2.5534216070285662,2,190.60089999137867,12,9,6,31.31431843751939
17.59799385802877,5,124.12370264418762,10,4,0,59.121541327708016
18.49657561010445,4,151.28284407354636,13,4,0,65.85654175709449
2.1604812372424114,20,106.19055130408853,14,10,0,29.33768315619845
6.26067531479687,4,130.47976596150295,5,6,7,31.623679766594694
16.317824316068165,0,23.477121065416952,4,3,3,49.10534358722168
15.216934117289508,16,58.334400359950926,14,3,3,59.784677809194115
4.505899367771169,18,78.75208770897635,10,8,1,29.97375022948279
4.977637143397496,13,99.77373745123758,17,5,10,44.64419635855629
8.038969953036258,11,18.67326164545291,10,3,10,42.34198738965513
10.205936718629406,9,36.60457853513036,7,1,10,44.66319210705132
12.746840659075623,19,62.5947184803481,16,5,0,55.525971786055244
8.009359151825675,20,194.59121127119963,1,1,9,31.233447263640322
9.78815960652981,17,72.95593134957964,17,4,8,55.36325744712042
15.201947824541374,23,101.58780104129568,9,5,6,59.017036505688324
1.69698085492136,10,47.25856542029466,6,3,3,15.391863734810798
5.796301942536394,1,126.04821350439597,19,2,5,42.722589651939124
14.553642131806496,17,63.32981094803512,13,6,1,57.46207006015782
18.008929916056786,6,49.328589903301086,3,1,6,54.59682346595
10.721871400197656,23,108.14879940473602,7,10,1,44.570950870555805
11.110156220040997,14,11.046101840479956,9,5,9,49.86729293046778
3.036268215455745,10,11.456166203352812,5,3,7,22.97588871704146
9.500834969645638,17,51.623073729352974,10,5,7,45.79854243687205
11.11972806264544,22,16.97705887515602,17,3,0,53.76029273136944
5.606939569059864,11,30.52489328483136,12,3,7,36.30919837534216
6.115621388038238,5,74.38352337436281,16,3,1,36.891408705802284
8.16839909898783,19,162.49127912016445,3,8,5,35.28075681784737
1.381352757776801,22,118.68924224016716,9,6,0,21.41091004310785
7.119504146080388,12,107.40686793171912,15,2,4,40.356991400274346
5.017512132934348,19,65.76287640954311,5,2,10,29.57560406616927
7.222449691380378,15,187.0332066922351,13,5,6,42.78050831682625
3.275480504565773,17,85.43285783506641,14,5,9,36.95871656358185
17.920018334058003,9,26.547625691196583,15,3,0,65.34280188710039
12.278256617526925,22,127.24263806238224,16,8,1,58.87723598175694
13.902944063745302,7,31.629294760554266,13,3,6,57.407101840291254
15.994253533539428,17,75.5923971323215,17,8,5,71.83837991848041
10.470401779652088,20,106.40826835638369,8,3,2,41.09294545489345
2.65148547366105,0,176.1022796901834,2,1,9,18.53570695770876
11.205024294552407,22,103.77385026462255,5,1,1,38.26009301584085
12.149981242396704,7,143.4291655460162,6,4,9,49.92198433240529
15.16335000950227,5,198.63519940982337,12,3,3,56.22453615799036
9.201531378363908,4,34.98293278061651,18,6,2,48.614885392053026
3.4240257531157114,14,62.198989848708706,1,10,6,23.102681616691207
6.391742210175765,21,84.96945436355281,17,4,7,45.77093770377082
7.898563631574067,14,90.14735392237796,11,5,1,37.42734249047118
13.272427585300424,1,88.09400430045369,10,9,9,56.54581539925348
11.844787788709326,0,182.44609048574543,19,3,6,60.772645880735766
7.765837792059079,22,145.66620244870273,14,1,7,43.98946787916609
19.743789727066613,22,125.5019906772337,10,9,5,72.70943468333036
12.509721567780856,10,68.7808163939286,15,8,5,58.35258617964124
5.507309042983895,9,166.520173002046,19,9,9,51.0373890559744
2.933866979787671,17,191.4614971821479,4,6,0,17.22829227304827
3.9043236445023086,17,166.02767368454303,2,3,3,19.00622005879176
5.673196839305654,16,10.297369986379852,9,2,0,26.463262774818762
4.052946091931558,7,130.91626033484732,10,9,3,32.660887570180336
4.544773456974809,14,19.715722473999136,11,2,1,27.620919930153306
6.416808205183095,7,58.94537186340715,14,8,10,45.84551085716014
4.294098310600342,16,21.30969306607662,7,4,4,27.69654860068178
18.03854306790208,11,124.72113606038367,15,2,9,72.4332905757519
2.5244411675712017,7,140.4520835635953,19,4,8,40.5807456796846
10.96571640183484,13,31.752651232521973,15,1,10,54.961583086611746
8.79753971280357,3,82.9293877785461,8,10,9,45.18019440472291
19.66519372126352,0,96.68493670155299,11,3,2,65.37372734650727
3.1287391411929946,0,80.12007413457415,9,9,7,27.76641177851062
8.55925638186909,18,32.99475009218668,15,1,2,43.87770905567427
19.41993823223201,15,89.60008013562033,1,1,5,56.83774938224167
17.444635391985624,13,152.72382908359944,1,7,3,51.45932188305582
16.524369348036316,20,23.49145626131854,19,0,7,71.52132233248867
5.9001537138538565,15,25.234202675561654,3,6,10,32.177314259549355
4.246864160411251,4,77.406545448837,10,4,5,30.00431207906892
13.70422117856419,8,188.92788520759575,8,10,7,55.8099773706644
18.65814379342413,1,137.02880287735366,15,7,0,68.33297779631263
11.578494967264666,17,138.9472917677873,10,0,5,49.28921820213538
11.860641099928097,5,78.76479825919435,1,10,0,35.298494671313364
6.3196027795453995,8,122.7955503296223,18,6,0,41.753786126103
15.620365730646801,0,11.924924965271241,2,4,7,47.645842077749414
4.553831222592944,8,130.85824881781303,19,3,6,43.25368394541571
7.14990549168063,15,183.52452003948497,13,6,2,40.485262717190665
9.083292333711919,12,126.38895898551564,1,9,5,34.41834971397681
10.644597195004646,8,176.00273275860556,2,1,8,40.36039896093225
5.605784915886525,20,147.55488053855782,16,0,6,40.1587640166727
3.181899670044867,12,32.90609911670114,15,0,2,30.66785558475421
12.60178080639102,8,181.46612838430994,13,10,5,57.42105074349091
6.48398051156486,10,22.62433042759723,16,0,10,44.28956047346523
12.043526207029633,3,111.45381978407512,17,4,3,58.404259873115045
3.932891590209844,1,37.00605352075696,7,9,2,24.456168865866726
10.141661935241531,5,12.224256038871772,17,6,8,54.34090471400294
11.119199218480132,13,90.18650942425141,7,1,9,45.9308493814479
1.9846471996261112,3,66.05773445428969,13,9,1,26.31916984616972
7.395481285684491,5,102.34009382154457,5,7,0,29.36749952505281
3.5538788618405106,18,119.66797847956465,17,3,1,33.849439253671335
2.2041244389825874,5,18.310423738699996,3,2,6,17.71740783235473
19.80924441540896,1,33.37062607351167,7,9,9,70.44670000772588
7.124723054519737,17,116.14205532558081,17,10,0,44.41755328520143
16.387614471238063,12,75.20179710280506,7,7,5,58.569591965633045
5.838172440511514,8,148.5429626343951,1,1,6,21.838516090283722
13.948551722254656,22,133.93541323246853,17,10,8,69.29334252929601
15.444329337904044,18,170.6648289680823,17,10,7,71.3537067790337
12.317136071549042,12,141.57363706715282,11,2,5,53.007826887414396
9.959947582453008,10,91.68690470412814,3,2,2,31.866918864474947
8.824977368798102,0,137.86365825494215,15,9,7,51.5393260652641
7.62849706431691,23,62.32242310852952,11,10,6,44.359375354458294
18.66105374070869,21,68.19956476786041,16,0,2,68.73521900303822
16.781768747966854,6,159.90718038495072,9,5,8,63.25160707474139
19.33551130266374,20,94.81970811630062,1,1,1,53.71356863432656
3.36164724622535,14,161.69226469848698,16,0,2,31.97120597181032
14.88648202886924,0,166.2602509969729,9,1,1,47.52528717261702
18.82846867959972,11,172.9368441556439,19,5,0,73.10101020610843
4.443428257147543,6,184.16069480982938,12,3,3,31.886928835939894
2.2634290799687724,14,91.8871918975263,19,5,4,35.094401696800766
15.081292336511122,20,70.58469548101638,9,8,5,59.059098368993
11.914989150418325,18,120.61776185288163,7,9,4,47.03253699008143
16.994746758407167,0,80.52276045314925,14,9,0,64.9210818004421
3.6556751558995004,16,124.20409169204426,19,7,2,40.19147794420455
16.110078925337916,16,144.06131390232667,19,0,0,66.12741378902878
4.830919080907146,2,140.796953513506,2,7,10,27.913839282188988
4.109462914448386,11,81.16504853382305,9,8,4,31.34338267368961
4.121050160688866,5,41.703438322763034,13,5,4,31.137068461727004
16.476919684396258,10,91.80057430781943,15,9,10,72.36263015137838
13.638747193227802,2,37.09288737556266,3,4,5,44.979875990251124
10.938243070613268,7,179.11843668492358,11,5,7,51.37141963179527
7.817779198346547,13,75.7167175401929,14,5,9,47.04868862999541
17.66681027544906,13,39.34735197243152,8,8,0,58.519876383159215
8.456457041030072,9,14.835074382092667,18,3,3,46.96310448455514
16.515389349959964,1,132.706253394432,19,1,9,70.94690967782812
9.34356326283415,13,131.0114403164012,16,10,10,56.2425541764933
8.161944159073244,8,74.71479165044542,2,10,0,27.73114171090518
9.790915927722523,2,23.62525888105369,8,8,8,44.50131763990595
6.7261796091187,20,87.82949003009408,6,1,10,35.22543298878117
15.204578223348772,7,69.13132406204478,12,9,6,63.19057501032453
10.551687411757104,15,138.65292154965178,15,8,6,54.86392088386533
5.412041207789529,1,125.09805739601117,8,1,4,27.071606190173
18.0919168922168,5,79.2728083575326,4,7,6,59.34981776748092
8.293933206091017,20,51.39958530844812,15,8,1,44.29581638462035
11.327504361165783,11,197.72683356956244,17,9,3,58.66683560284535
18.222970108326393,4,96.26030802726183,13,8,6,72.12411208996657
12.86052192236585,1,140.77210479824504,18,9,2,60.02958469221782
3.2210627734589172,15,36.70506383988855,2,8,1,16.537746093497958
18.856810348656026,4,102.26204293528558,13,1,9,72.59664831116167
12.926453008356939,14,15.231976775198444,13,3,1,51.569240813778435
7.363206678484636,11,106.0364724029855,15,6,0,41.626444504178146
3.646169380604358,3,193.16330735236343,10,1,4,25.988934594471935
16.086478596135624,14,82.99927546730204,3,0,5,51.18750025615584
12.781382362641757,10,17.4092423892332,19,2,5,61.33058174680205
11.135760747550108,15,15.881600274675272,3,3,8,41.46646564216783
17.983959077968194,22,83.71748438990521,14,7,3,70.8447916556036
15.983347013266084,5,40.40473792800687,8,5,0,52.205277486477534
3.881822714922272,13,14.436898302355324,4,10,5,24.413502141894924
6.922719288115417,17,153.6805866505336,11,1,4,37.444446793101186
5.721293656474849,11,97.11937168755922,11,8,9,40.41524382905854
15.134979558880863,10,64.95650667480436,11,1,5,55.684620422764404
1.6371162599798081,12,181.01580477313132,2,4,2,14.070974098439958
11.827904012555013,20,32.066402438099864,17,3,1,55.40816391087513
15.486715029073121,22,191.62457750151066,9,6,5,59.71253678403538
17.65854709847324,10,69.65367630169703,2,7,0,51.121135145891614
7.4995532256022415,22,178.79669773864944,15,4,6,46.84154241022894
16.603888788768245,15,124.5591465310977,16,9,6,72.65003780373353
3.1020030021489373,14,167.0743983508826,4,4,9,21.95737876145671
17.082593542955845,20,196.96250100998822,8,1,6,62.70364607192531
3.4222845843076657,14,64.79703318556169,9,7,10,31.789812317530053
8.548458520646978,3,192.61574222744267,5,1,9,36.3323193797659
16.148611949811517,10,84.00156003145987,16,9,0,65.52640455746523
3.848431119626702,18,83.24726190001525,13,5,3,34.33416432725568
5.355776509420188,14,74.67354980835609,7,7,6,31.774685181585557
14.72279879946826,3,112.86744539604119,17,5,10,70.15984152000448
14.680694194375413,20,39.28755820391255,3,3,8,50.80490074641921
13.18180502482065,12,115.20518221802213,5,3,4,44.468653610935796
14.185020444874901,21,112.92391435790076,19,5,1,64.36187815207956
11.311764423604327,18,154.7613443949253,12,3,6,51.43470905927053
5.784182119232103,1,168.39349276814124,7,7,9,33.41835227701673
7.56822387657447,13,93.68385655936056,9,8,0,35.84670174370521
4.450356619227088,3,67.44331737678381,6,0,6,23.785210884801494
18.26056066533894,15,59.273630490247946,17,3,5,73.90419152125713
12.084444100556288,20,46.97852897392567,16,3,6,58.13935567585867
8.616176918509158,19,20.95304061781473,3,1,9,34.1941046023479
9.778110269238521,13,75.06511597859553,4,5,2,35.7889352452796
18.99838345262449,14,61.34706150484882,10,2,2,63.17829565883189
3.9136766592055237,2,193.61930331461738,5,6,6,21.652617641803626
12.138366808319148,7,115.96467698750834,10,10,1,49.554393353689626
10.611884898804854,15,75.98263741579643,12,10,0,47.255551706857126
12.617630473258309,9,120.28884418880224,10,4,8,53.82765090848642
1.3440934925959698,3,36.447373255682145,13,3,8,29.341342333708056
17.57035426993888,17,94.36831234841856,11,4,6,68.12546692973736
18.710247367188636,1,128.98452107000213,16,7,6,74.85541810109974
11.73753048819497,16,102.89058804056576,8,2,2,42.8317639894442
14.236365653660952,12,86.33797212432161,8,6,9,57.60728727669192
18.52748824236862,3,198.83119389094264,8,5,1,60.14265098350991
14.437534051954573,10,177.25980480829614,13,0,10,61.97191067627486
3.8982418153709655,6,128.44713205029362,2,6,6,20.52697943645203
11.94947884316945,11,118.18169862463373,12,6,8,55.61529801706954
12.527585881274263,9,127.92549116667097,10,0,0,44.04661800672554
9.058482754745334,6,48.24930048626232,12,8,3,45.47170680532611
14.992440476869733,12,85.07617122022053,11,5,5,58.21650435752283
18.752973280611283,6,17.497311249270872,15,1,6,71.53102229350954
18.58580174522875,23,100.35374712249707,16,4,9,76.40150581549884
9.56594805667851,16,113.174670951956,17,10,6,57.06191735306675
3.15152287097435,9,53.27244985960982,2,3,9,19.17878535746572
19.711982780284355,9,193.1654809614476,18,6,1,76.80696116249264
16.939063642472746,23,182.79637607807598,12,7,3,66.88484195992022
3.36859094286207,3,147.20721473662212,19,10,4,40.25753053228151
18.495995769730072,19,111.34345946541889,18,10,0,74.26753981090636
17.528030879180438,3,175.29414033306014,17,0,0,65.89336040675232
10.85792308539537,21,34.82394532645795,6,4,9,44.97794604113417
12.234233279153656,6,160.19686091222815,15,2,2,52.18232190324805
8.581051373532475,21,33.715954653701175,3,0,9,34.78667086659542
2.0404711376185953,0,160.90002588438702,6,2,2,17.06635400957613
7.368747591272117,11,62.39583796775782,3,5,7,31.56040152181855
16.25421552336222,23,176.6472103934559,1,6,8,54.44163237021795
1.0880084370874543,12,189.3679978268256,13,7,10,32.70437397547561
7.336484262131739,9,38.27123418697197,14,10,0,41.2829387229372
8.565205178227924,14,97.90836496242477,13,3,10,49.03808497021483
11.210516455820535,12,196.38760185091016,4,2,1,37.886762694868835
18.47725671184245,22,101.84741283489785,7,4,9,66.17464169351261
7.580573892953264,21,174.07402927776357,10,8,1,35.44679424485852
7.5921108360283265,21,121.85898920495077,7,5,3,34.171644942510106
15.01252371408522,20,81.31268250472435,15,8,1,63.94655470857197
9.592140876906337,21,64.29887554991534,15,5,6,51.668081788617755
5.267491635859657,8,48.61238730635658,4,1,8,25.57266075525303
9.596350806521174,8,154.74165636176247,6,4,6,40.73137029131495
3.6762833872161975,14,83.4426962963753,5,10,5,25.906597033292474
4.351352743618243,9,107.14233781814272,12,8,9,35.82156034238716
10.468987682050114,23,103.54184120022457,1,7,0,32.18487635011806
8.959583540586411,9,119.68301555429494,8,6,10,44.91602195005441
18.382072120293902,7,174.45965766866493,1,0,9,55.86058764748336
7.88548408321603,23,196.3404752808516,5,3,8,38.35006906327355
12.031178655282826,15,87.44099962902521,6,6,4,44.68188295254802
13.013021470471077,16,167.2285952001976,3,10,10,51.25919589017489
1.2487946751783392,4,155.26028098439636,15,6,4,27.613785019807807
13.607210068317501,3,118.97050077655892,5,5,5,46.8922834969961
4.382683370525277,17,191.6489572862673,14,7,8,38.423049311490914
19.260336031919646,23,48.09015795039653,18,10,7,82.50560620550057
3.8245918273091464,18,30.760199958828068,16,5,7,38.7634117042971
8.877858350813451,3,172.25277372153022,6,9,7,40.51957890317559
2.6216436934942333,6,93.43846516041218,14,2,0,27.570854823270455
19.940610785072998,9,170.92408229934148,8,3,0,64.53963195135618
10.54170519629361,17,179.68713898712883,7,2,7,43.20179921470858
12.312315329080832,18,21.86694278762357,8,0,4,43.446186341987605
2.274453070380122,3,177.85830496735153,13,9,8,33.276223847855505
15.249248937584378,9,95.18062052019022,6,4,1,49.87553558473252
4.988206268816129,0,106.98217291080412,18,0,8,40.14494246321151
18.06303149937356,22,129.05257710770996,2,0,7,55.19186600004674
4.897653169158136,17,186.01269527871648,8,1,8,32.95675136860145
4.623066692609665,4,13.632057941655166,11,3,3,28.868275450087133
1.6944436891138026,14,100.60025898038525,1,5,0,10.50136070338217
9.969271957089985,16,140.66718806180654,6,7,0,36.99621013517955
11.731981531989712,2,147.3143219626634,16,2,4,53.6095849810628
2.248464149138695,11,141.5811619920505,12,0,1,22.292727829172478
15.735024717205201,1,35.542674587543154,11,2,7,58.73990192714743
9.612487860212525,0,66.88516179061943,10,2,9,45.72094587100611
10.96341511722402,22,78.15594982923255,3,4,10,42.2104405325732
9.374492191826334,20,162.84306945910595,13,10,4,50.35050265237266
8.614498156631193,16,62.96437575876507,3,3,4,31.395945614881306
11.63316629485614,21,50.0339431347686,15,3,1,52.14790993485007
3.949564672683538,15,191.91512361723827,16,8,6,39.99191066757668
4.456634479410152,4,11.684024171559091,13,6,7,36.66719938130211
17.37392679925683,14,199.58596257957586,17,3,9,73.9930442127878
18.97619378053902,2,138.59604678290518,3,2,0,54.09101787693739
8.092877009315306,6,167.40916689533225,11,5,1,38.14043566309051
6.144148789727522,10,65.9776853057767,19,2,9,46.361757871832566
13.235991321541299,9,12.719902756741396,11,5,3,52.833793273539776
8.765949250863832,8,150.19520852669072,16,10,4,50.66699942627539
1.4823407575465524,13,168.4874734301284,3,10,1,13.540451334877481
3.966899349957617,12,150.69046507116863,6,8,0,23.403168784008752
14.603472348100553,1,37.141554587159334,14,5,8,63.500984358464876
13.519554896292876,2,153.15130522882413,18,3,0,59.14677950723645
1.5148238575661863,6,156.09532860045178,17,4,3,29.58918440431796
5.2174710767260395,20,135.12269797731042,4,5,1,23.96460923702739
5.390421135173357,17,155.56202723116138,15,10,10,47.004399316882115
13.76596212837584,2,170.7250735387691,11,2,3,53.558333320204795
1.374500217332919,9,126.5847817051171,3,7,7,16.858685869484567
2.978063057706903,21,26.83489565423902,3,3,7,19.91467267033391
16.198405622090597,6,102.64928383677007,16,7,10,71.47454016496053
4.392348579032339,8,24.753373587604962,5,9,8,27.35548779240598
13.40217604918562,16,87.43317589616186,10,9,10,60.29039318349694
5.525472839887804,10,87.35023293386925,19,2,4,43.851731596166445
2.889386462427558,6,22.5418703866459,4,9,6,21.837691049487066
5.620271628989627,23,76.27590145420108,19,6,2,43.250161958201936
14.723071705257524,13,31.08963877034982,11,10,9,63.84998715922763
17.25823289401943,18,163.56468990175222,2,8,3,55.15252386332998
16.77417742677284,3,190.06072493324945,10,3,9,63.72938405416178
8.546487062750643,5,23.740130299008335,11,7,8,46.488453640325815
13.693617594842276,9,191.47188938542325,16,2,9,62.67904153974529
4.894701612900598,6,109.28955387398157,19,6,9,46.09623216510904
6.5698068749592515,12,66.91747881123604,11,2,0,32.45509248629727
18.030380551901274,13,24.603794302471066,14,6,1,67.49193410388337
1.2470365467039848,3,105.11861093337939,2,10,4,14.59041251372502
2.6246620862348937,7,160.95795345324225,5,9,2,18.888025060496293
4.949838847774519,4,144.34643068067265,5,9,1,27.134340677045987
1.5041118736025747,0,19.542942178155016,19,10,0,31.422024479851114
4.447273266706149,3,23.851348719901665,12,10,9,38.24770742894953
12.077789658424152,2,86.54592370020104,18,5,2,57.143964857734375
9.00706646125746,8,66.10519386910923,4,1,0,28.31168675983967
17.960762510462523,7,54.153021380649086,17,10,0,71.32959780393033
16.53142767303038,0,63.39085479265558,10,2,0,53.96833321888593
7.494529682259643,5,162.66172122640808,6,5,7,35.765183553255376
5.9290452351945575,8,186.55333019005224,14,3,2,36.17935709038109
8.214155755178071,6,86.96951196023763,11,5,10,45.53895547505104
12.215603907781347,3,182.16109040517443,11,0,0,43.90327787499363
6.093209175634649,12,71.08418323709756,18,9,6,46.8595274212659
12.858829249133546,16,100.5230274053204,18,0,9,61.68454758300367
8.778821391633567,1,52.94550958503995,11,2,2,37.40125094768292
11.488896436187625,4,131.69044801341036,12,7,7,50.70716908683797
9.286404053571017,11,196.0064118832137,5,7,3,36.88894198765579
6.594849431296436,20,124.66368824824194,9,10,3,36.776201747519366
19.020612832280978,7,77.98467598157428,9,3,4,64.29236642423538
15.508510089035456,5,133.0853147382004,10,5,5,58.48130952071393
3.6621503395625985,7,33.35492890842364,19,7,6,42.379230261929685
17.500891542060344,17,178.84522525042573,1,6,3,55.5407651661771
10.26119276674076,2,105.5859506481689,7,10,7,46.51845068324339
17.996492310987737,21,95.376450987532,4,6,5,58.91500544303191
16.197249862998987,11,121.31430980616865,1,3,0,44.40630545681843
9.079056584915435,2,128.70893392998647,15,8,0,46.40984917429424
1.4269168580822305,21,23.637403183037478,8,9,8,24.602134466547934
6.1048698283139755,5,139.69727203244645,12,5,9,40.24545800478369
11.291050078556472,1,55.96701925995062,18,10,5,58.96930735764708
13.036086176696799,22,145.65100017625207,15,2,9,62.302601927442076
5.899866023230843,11,166.28161093299738,17,4,7,45.29493945888288
3.6477654073836585,1,162.75211643497886,14,4,6,32.88861356024101
16.863674499186683,5,114.97518380749894,14,4,5,65.61968950529902
19.70364143336749,16,108.83227953904272,18,7,3,79.34836923594665
10.98811346375103,2,37.14643265448822,18,8,6,57.45709516673126
4.261906431117767,1,157.31576857659576,16,8,8,42.34746335545168
6.17383920386801,22,61.56778228487573,1,5,10,30.251612154534644
1.349422854401868,19,104.37213033540985,11,5,9,28.86692733587656
18.371677324649482,7,64.01207765622817,15,8,9,76.54019429818577
3.2372705749126816,21,35.427388969941696,12,3,6,30.603422765190615
11.953813034770818,11,129.61596240942995,8,5,0,43.10632097678658
6.207049193056914,3,20.323086616351727,6,3,9,31.39451619958532
11.529382047800075,4,152.242594483978,3,10,8,45.484634784179924
13.37698737868542,12,70.34149109961217,13,0,3,53.195190882920265
16.765094270436833,14,10.025591670852211,13,6,2,63.14014917475363
4.9220041634514615,22,107.11453645507366,2,9,3,25.090164834211677
1.2089207445111292,15,18.901862620244593,5,10,3,17.842864752042892
3.600826971307338,9,62.4722159859709,17,5,9,39.62111776260904
18.100354195113997,22,144.32553261658606,6,8,10,67.62685466016644
17.60391147368779,15,21.911028108154515,2,6,1,50.8063043131374
12.350848941235858,11,169.47431354764043,4,6,0,38.93727017089214
12.409820348239414,16,10.72578530513079,11,1,9,53.57307522155893
13.635696816378854,15,56.89653514836143,8,10,0,49.81631092297806
4.332054293845542,11,150.77177066889357,12,8,7,36.429840235288474
18.373826972574236,7,70.09132844856829,8,9,1,60.91829115553398
8.95663997294939,19,29.35955373254257,11,8,9,50.047329840738755
8.279632036740452,2,78.4444445720813,8,5,4,35.929809570783405
10.859436400373912,15,61.37472441305985,8,2,3,41.52346524482927
1.8923533687260459,12,170.11526141050544,17,0,7,33.159342996450874
4.159384006365508,22,69.5361043411772,16,3,1,33.06952623929697
15.022638712101038,18,159.89716963744138,14,2,9,63.7055328551911
2.573174690577403,7,179.4557075140396,11,0,8,28.01116809970712
12.459890079861376,21,92.4253097195406,7,2,6,47.46690411778897
5.661633083945098,4,182.88919733233448,16,3,6,40.06703358963027
8.396616666797554,19,81.69043025300664,13,7,0,43.003366991206235
6.485180998643298,7,193.17489913312056,15,8,1,39.86690533316585
7.757781612834034,23,26.965009659858858,16,2,3,44.154766780835445
14.661872198500664,11,140.53366063561612,9,5,3,53.26121833145722
6.645312596840325,0,103.82466768681645,3,9,10,33.53584201678472
11.761688165641047,20,83.65327303657294,19,10,2,62.554562972002266
10.044957641782894,19,130.21525696223418,5,4,6,38.602430459936286
13.609752141890315,5,143.73284741052294,10,5,7,55.455702280529046
18.799765047170403,21,10.829021233558727,17,3,1,72.71014616598013
14.918869846994756,17,41.721086861967756,15,9,3,63.684302304490956
5.083867193224378,7,145.47874962052055,8,5,2,26.706019356867667
1.5924795661644087,6,136.61322857985922,15,6,1,27.485228585437724
5.983016841696677,0,193.54902597444868,14,8,5,41.726940737491034
12.306480683304843,20,154.59718014764877,7,9,3,49.72970978664581
1.9770904562007567,15,190.64681446895423,12,6,5,29.161869550761487
10.43095869682349,11,143.4826952916133,17,5,1,51.692723956125434
12.340014129420895,5,66.6299196414942,17,0,3,53.584172366375405
7.3506339255222555,19,30.01933522766273,10,1,10,41.79192644028789
15.647331871170616,1,158.54653403553777,19,0,5,67.62101916145673
3.0253668095416644,13,132.38835208042403,14,8,4,32.387300465601015
2.4276178529803665,3,19.155342354726283,11,9,2,26.129301072071037
14.835586367868464,0,78.40958852118588,2,9,7,50.633837737796874
10.41433500791777,22,191.79196494201437,18,8,6,60.47691111658
14.079645532126985,17,105.07621768493823,7,6,2,50.34950529961494
9.261719433471178,12,92.21853584374388,12,1,5,42.85782368875053
5.681638631543029,1,96.96292498026585,2,5,3,21.586795023894854
16.562944035809792,8,49.687717560981106,18,10,10,76.04854881887343
16.188901700410604,20,80.05436246431108,6,3,4,54.72146539823309
14.199232946234108,1,80.26451863756355,10,0,10,55.7525195622044
6.170757607369291,8,19.947453835619754,15,0,4,39.67166770837003
12.214382670512656,0,155.83784941840446,5,4,6,45.009823065811794
7.858504041860509,10,89.13584206173701,3,1,10,34.16148738184905
2.7400593932060486,2,166.21417849512042,5,3,4,19.052571866318452
18.428957933782613,19,171.56612021278013,8,0,10,66.0629077888519
3.5995539874602667,22,50.278870392745034,8,3,2,23.874889361796317
19.054509722595245,3,134.89716161232442,8,10,9,70.22689081473311
9.474109686201158,17,99.73354279096652,12,5,4,46.17217520215886
